Residue,E,B,G,H,I,T,S,none,sum
ASP:1,0.000000,0.000000,0.000000,0.000000,0.000000,0.000000,0.000000,8.617784,
LYS:2,0.000000,0.000000,0.000000,0.000000,0.000000,0.000000,0.000000,8.617784,
ASP:3,0.000000,0.000000,0.000000,0.000000,0.000000,0.000000,8.977219,8.591870,
ASP:4,0.000000,0.000000,0.000000,8.345911,7.333131,8.332626,8.811050,8.705534,
PRO:5,0.000000,0.000000,9.405773,8.578974,9.046854,8.768524,8.837470,0.000000,
PRO:6,0.000000,0.000000,9.405773,8.585662,9.123392,8.749271,0.000000,0.000000,
TYR:7,0.000000,0.000000,9.405773,8.591394,9.123392,8.659591,10.917600,10.175965,
VAL:8,0.000000,0.000000,8.412829,8.607873,9.123392,8.859935,7.373973,0.000000,
VAL:9,0.000000,0.000000,8.611007,8.585810,9.371569,8.940659,9.731725,0.000000,
LEU:10,0.000000,0.000000,8.450007,8.621758,9.850505,8.400359,9.255796,10.488540,
VAL:11,0.000000,0.000000,9.935858,8.617819,0.000000,8.476819,8.620423,5.996580,
ALA:12,0.000000,0.000000,9.630563,8.616497,7.780210,8.666827,0.000000,0.000000,
ALA:13,0.000000,0.000000,9.326708,8.621201,7.780210,8.302987,0.000000,0.000000,
LEU:14,0.000000,0.000000,8.693290,8.621304,7.780210,8.351103,0.000000,0.000000,
THR:15,0.000000,0.000000,8.040369,8.627829,7.780210,8.438131,8.434360,0.000000,
VAL:16,0.000000,0.000000,7.819890,8.630475,7.780210,8.478173,8.768430,8.711295,
ALA:17,0.000000,0.000000,8.096804,8.619299,0.000000,8.615771,8.363727,8.162294,
CYS:18,0.000000,0.000000,8.205695,8.615707,0.000000,8.716599,7.538263,8.583474,
ASN:19,0.000000,0.000000,9.344646,8.617931,0.000000,8.552420,6.060230,10.113925,
ASN:20,0.000000,0.000000,7.990203,8.619800,0.000000,8.407187,7.328403,0.000000,
PHE:21,0.000000,0.000000,8.444800,8.619955,0.000000,8.169006,9.741087,0.000000,
PHE:22,0.000000,0.000000,8.161135,8.620429,0.000000,8.565522,4.536420,0.000000,
TRP:23,0.000000,0.000000,8.282545,8.630042,0.000000,8.471962,7.173133,0.000000,
GLU:24,0.000000,0.000000,8.487000,8.614308,0.000000,8.682450,8.390562,8.506920,
ASN:25,0.000000,0.000000,8.489705,8.536159,0.000000,8.755688,0.000000,8.522736,
SER:26,0.000000,0.000000,0.000000,0.000000,0.000000,0.000000,0.000000,8.617784,
