Residue,E,B,G,H,I,T,S,none,sum
ASP:1,0.000000,0.000000,0.000000,0.000000,0.000000,0.000000,0.000000,1.000000,1.000000
LYS:2,0.000000,0.000000,0.000000,0.000000,0.000000,0.000000,0.000000,1.000000,1.000000
ASP:3,0.000000,0.000000,0.000000,0.000000,0.000000,0.000000,0.067250,0.932750,1.000000
ASP:4,0.000000,0.000000,0.000000,0.387583,0.000667,0.015250,0.551917,0.044583,1.000000
PRO:5,0.000000,0.000000,0.026417,0.888083,0.001583,0.079250,0.004667,0.000000,1.000000
PRO:6,0.000000,0.000000,0.026417,0.913667,0.001750,0.058167,0.000000,0.000000,1.000000
TYR:7,0.000000,0.000000,0.026417,0.935250,0.001750,0.035667,0.000083,0.000833,1.000000
VAL:8,0.000000,0.000000,0.003167,0.955417,0.001750,0.039417,0.000250,0.000000,1.000000
VAL:9,0.000000,0.000000,0.002250,0.911667,0.001500,0.083667,0.000917,0.000000,1.000000
LEU:10,0.000000,0.000000,0.002083,0.969583,0.000167,0.025583,0.002417,0.000167,1.000000
VAL:11,0.000000,0.000000,0.001333,0.985917,0.000000,0.009667,0.002917,0.000167,1.000000
ALA:12,0.000000,0.000000,0.000833,0.988917,0.000083,0.010167,0.000000,0.000000,1.000000
ALA:13,0.000000,0.000000,0.001083,0.985917,0.000083,0.012917,0.000000,0.000000,1.000000
LEU:14,0.000000,0.000000,0.001500,0.985250,0.000083,0.013167,0.000000,0.000000,1.000000
THR:15,0.000000,0.000000,0.001500,0.950500,0.000083,0.047083,0.000833,0.000000,1.000000
VAL:16,0.000000,0.000000,0.002167,0.908917,0.000083,0.079583,0.008917,0.000333,1.000000
ALA:17,0.000000,0.000000,0.001667,0.968250,0.000000,0.028750,0.000333,0.001000,1.000000
CYS:18,0.000000,0.000000,0.001500,0.957417,0.000000,0.039333,0.001167,0.000583,1.000000
ASN:19,0.000000,0.000000,0.000833,0.986083,0.000000,0.012583,0.000167,0.000333,1.000000
ASN:20,0.000000,0.000000,0.001000,0.993750,0.000000,0.005000,0.000250,0.000000,1.000000
PHE:21,0.000000,0.000000,0.002167,0.990667,0.000000,0.006250,0.000917,0.000000,1.000000
PHE:22,0.000000,0.000000,0.003083,0.980667,0.000000,0.016167,0.000083,0.000000,1.000000
TRP:23,0.000000,0.000000,0.005083,0.936083,0.000000,0.057917,0.000917,0.000000,1.000000
GLU:24,0.000000,0.000000,0.003417,0.837000,0.000000,0.134000,0.021250,0.004333,1.000000
ASN:25,0.000000,0.000000,0.002333,0.302500,0.000000,0.390917,0.000000,0.304250,1.000000
SER:26,0.000000,0.000000,0.000000,0.000000,0.000000,0.000000,0.000000,1.000000,1.000000
