Residue,E,B,G,H,I,T,S,none,sum
ASP:1,0.000000,0.000000,0.000000,0.000000,0.000000,0.000000,0.000000,1.000000,1.000000
LYS:2,0.000000,0.000000,0.000000,0.000000,0.000000,0.000000,0.000000,1.000000,1.000000
ASP:3,0.000000,0.000000,0.000000,0.000000,0.000000,0.000000,0.003507,0.996493,1.000000
ASP:4,0.000000,0.000000,0.000000,0.196233,0.000000,0.000460,0.802846,0.000461,1.000000
PRO:5,0.000000,0.000000,0.181109,0.801519,0.000432,0.014311,0.002629,0.000000,1.000000
PRO:6,0.000000,0.000000,0.181109,0.816596,0.000432,0.001862,0.000000,0.000000,1.000000
TYR:7,0.000000,0.000000,0.181109,0.816975,0.000432,0.001480,0.000000,0.000004,1.000000
VAL:8,0.000000,0.000000,0.000000,0.986639,0.000432,0.012928,0.000000,0.000000,1.000000
VAL:9,0.000000,0.000000,0.000089,0.774875,0.000432,0.224603,0.000000,0.000000,1.000000
LEU:10,0.000000,0.000000,0.000089,0.988705,0.000000,0.011204,0.000002,0.000000,1.000000
VAL:11,0.000000,0.000000,0.000090,0.999374,0.000000,0.000051,0.000484,0.000000,1.000000
ALA:12,0.000000,0.000000,0.000002,0.999971,0.000000,0.000027,0.000000,0.000000,1.000000
ALA:13,0.000000,0.000000,0.000002,0.999972,0.000000,0.000026,0.000000,0.000000,1.000000
LEU:14,0.000000,0.000000,0.000000,0.999994,0.000000,0.000006,0.000000,0.000000,1.000000
THR:15,0.000000,0.000000,0.000000,0.999776,0.000000,0.000224,0.000000,0.000000,1.000000
VAL:16,0.000000,0.000000,0.000000,0.998192,0.000000,0.001799,0.000009,0.000000,1.000000
ALA:17,0.000000,0.000000,0.000000,0.999751,0.000000,0.000247,0.000000,0.000002,1.000000
CYS:18,0.000000,0.000000,0.000000,0.651288,0.000000,0.348709,0.000000,0.000003,1.000000
ASN:19,0.000000,0.000000,0.000000,0.651455,0.000000,0.348545,0.000000,0.000000,1.000000
ASN:20,0.000000,0.000000,0.000000,0.651454,0.000000,0.348546,0.000000,0.000000,1.000000
PHE:21,0.000000,0.000000,0.000013,0.999717,0.000000,0.000270,0.000000,0.000000,1.000000
PHE:22,0.000000,0.000000,0.000013,0.999667,0.000000,0.000320,0.000000,0.000000,1.000000
TRP:23,0.000000,0.000000,0.000014,0.869234,0.000000,0.130753,0.000000,0.000000,1.000000
GLU:24,0.000000,0.000000,0.000001,0.836515,0.000000,0.163188,0.000282,0.000013,1.000000
ASN:25,0.000000,0.000000,0.000001,0.174048,0.000000,0.435398,0.000000,0.390553,1.000000
SER:26,0.000000,0.000000,0.000000,0.000000,0.000000,0.000000,0.000000,1.000000,1.000000
