Residue,E,B,G,H,I,T,S,none,sum
ASP:1,0.000000,0.000000,0.000000,0.000000,0.000000,0.000000,0.000000,2.866762,
LYS:2,0.000000,0.000000,0.000000,0.000000,0.000000,0.000000,0.000000,2.866762,
ASP:3,0.000000,0.000000,0.000000,0.000000,0.000000,0.000000,2.922512,2.860956,
ASP:4,0.000000,0.000000,0.000000,2.833323,2.828390,2.691253,2.884286,2.792760,
PRO:5,0.000000,0.000000,3.096858,2.860317,3.369207,2.795386,2.996165,0.000000,
PRO:6,0.000000,0.000000,3.096858,2.862142,3.213601,2.761200,0.000000,0.000000,
TYR:7,0.000000,0.000000,3.096858,2.860119,3.213601,2.736897,0.000000,3.304506,
VAL:8,0.000000,0.000000,2.001077,2.866434,3.213601,2.909178,1.381714,0.000000,
VAL:9,0.000000,0.000000,2.873505,2.852270,3.262961,2.994287,2.377465,0.000000,
LEU:10,0.000000,0.000000,2.949807,2.864527,0.108765,2.929434,2.955551,1.743160,
VAL:11,0.000000,0.000000,3.501204,2.866127,0.000000,2.713479,3.044088,2.602630,
ALA:12,0.000000,0.000000,3.436627,2.868907,0.000000,2.588800,0.000000,0.000000,
ALA:13,0.000000,0.000000,3.158475,2.870913,0.000000,2.481840,0.000000,0.000000,
LEU:14,0.000000,0.000000,2.667952,2.870890,0.000000,2.558543,0.000000,0.000000,
THR:15,0.000000,0.000000,2.259378,2.869268,0.000000,2.830777,2.682087,0.000000,
VAL:16,0.000000,0.000000,2.474837,2.871768,0.000000,2.842200,2.638597,1.612543,
ALA:17,0.000000,0.000000,2.876747,2.868190,0.000000,2.809119,1.554624,3.293501,
CYS:18,0.000000,0.000000,3.012731,2.865962,0.000000,2.863211,1.813269,4.619234,
ASN:19,0.000000,0.000000,2.891644,2.863829,0.000000,3.101399,0.963460,1.172423,
ASN:20,0.000000,0.000000,2.958516,2.864748,0.000000,3.243860,1.317833,0.000000,
PHE:21,0.000000,0.000000,3.214209,2.866687,0.000000,2.806707,1.817588,0.000000,
PHE:22,0.000000,0.000000,2.944885,2.867035,0.000000,2.819636,0.000000,0.000000,
TRP:23,0.000000,0.000000,2.760397,2.869810,0.000000,2.827932,1.855847,0.000000,
GLU:24,0.000000,0.000000,2.482528,2.857461,0.000000,2.970382,2.654741,2.597859,
ASN:25,0.000000,0.000000,2.558555,2.808832,0.000000,2.906558,0.000000,2.867511,
SER:26,0.000000,0.000000,0.000000,0.000000,0.000000,0.000000,0.000000,2.866762,
